-1.55139809277536,-1.96561718187711,-2.65759387964,4.09960670222507,2.24048273261159,1.88026327604467,1.20406084442299,3.33994493554854,-2.79663092864961,-4.27680800244232,-2.05587891964072,0.0838805933037534,-4.91366098477783,3.86125747535164,-11.4526803512742,-5.32710522062381,-0.695185245047991,42.3626025896593,37.5309209737379,0.044164709685468,-0.0122579602392037,-6.30924424077062,-0.0358274940814418,0.00315462212032713,0.00973426254269327,3.29973473792311,62.2564675458028,18.7337778519445,5.10090045435776,15.7771581990914,15.9090660524756,10.5808549615417,15.4209112296392,1.22352603128428,6.01193362426589,4.12025331707229,9.13771913870947,10.7485286353106,4.441482615351,4.4509663383921,-2.18318498743194,-4.88820830715696,0.121444606073667,0.0125016506252303,3.14552879693982,9.48501401314796,5.14725590077009,0.41956474201123,2.86529820591563,1.90584242101559
2.87918417649911,1.94806135172572,2.46828004058672,-0.258328500302607,-5.49518252026404,-4.06653324332806,-2.04995231937941,-1.9465608345385,-4.1510220354505,-1.6802452116023,-7.92219084713794,-5.67861794581708,0.480715878498739,-12.1088417523144,12.1089095936504,48.2326533285582,43.0369322773557,-0.00913672036331192,0.00356167013579878,-0.919966675857431,0.106008656142809,6.38215106310831,-0.00233675712619785,0.0450994125359649,-0.0196834553841008,0.0132944789359435,0.0396299403873535,57.0576502914078,74.3094674792495,48.624218712861,10.3315877377296,26.706077474274,12.5620519451455,6.26078156708503,-11.68602031555,-1.36523032164213,-5.33312802366854,-12.7000413052458,-3.06548318158149,-2.64750987388775,2.70412872869642,2.71211053573871,-0.166961296667797,-0.0325487653902591,4.23809582197749,11.6710536429431,8.07726365636585,6.71844379581475,4.27732093347094,3.64088458722749
3.47395282377398,6.47212512092574,3.29815742686286,-0.372245410205352,4.6306558245039,3.78870116658279,-0.100553580087315,-1.34968674274996,6.75030547923035,6.12943077990851,13.2691585033347,12.4579182156133,6.39535374087137,42.6930200473057,38.0357952534307,-0.0265221933823945,-0.106264030314307,-0.106065405958855,-0.0823706886988518,0.94321740926322,-0.165000089794098,-0.113674246662754,-0.0231255499882899,-0.0556148196038109,-0.0453780258854231,-0.0872528419805008,-0.118930613689372,-0.0726731466253128,14.1973184338657,55.9418700068887,128.243951739416,62.4117450568395,63.3620412673779,54.5093916085912,47.4386597207544,25.0364331282861,20.7825336912417,21.1737068341695,11.5011680616431,0.765827852445011,26.107185316883,1.59880192338775,0.0199792734291063,-0.0190935670990097,7.50457608865951,34.2548698884758,18.6967411508001,8.72670294344772,5.49074113215053,12.6180378212381
4.2385067689203,2.8966653768979,4.56202903040426,6.9309384741989,7.47688428590978,4.13781268123863,7.51949248424104,8.0876332516735,5.78958784548247,0.457420207455872,2.64906471612951,1.41980528432502,40.8324940234161,10.7336601835388,0.127537744204265,0.0170583270213243,0.0033317633861607,0.0397248711456299,-0.190679381498882,-8.63618698705162,-43.3931792468077,-34.4707985726895,-38.0213835461451,-34.7691934701794,-15.2714627720932,-0.0364534111689352,0.0256720972554803,-0.107140314236709,-0.0551474681787845,-21.5084485063992,-0.0473193318057064,78.265543882334,43.9181818085782,13.3345877028684,3.15783914162453,-5.95232128086414,-2.78334736313992,13.7404824156913,8.34446083489904,11.6103029649983,7.1067794479464,-4.29028608372394,-0.0198624355727959,0.00397248711455876,4.3020867072113,16.0755719470444,6.26865014733123,-0.467902232279144,6.49700267586158,-13.3152093098432
-1.17982867302402,-3.21893686652031,-1.86479895120595,3.46003627678098,1.44781876529088,4.77456837650792,5.39710778767626,8.56389773624011,0.284997575561707,3.52641687028798,-4.00368282219423,35.2713625766021,-0.0986111507260468,-0.103284664978354,-0.103702821516904,-0.0155304473618223,-0.258029302615892,-47.702173200884,-48.7403138142279,-34.7228288705708,-0.491445060325724,-13.1247001777922,-3.22963202413673,-2.41998949410052,-22.6296233616555,-37.4967398435049,-38.4752273596586,-10.6821346889058,-0.0243022741124754,21.4833433840699,-0.0573746898145267,-0.0572038144496467,62.1296984717057,30.5226047447156,-24.9455384118064,-19.9424528132464,-26.3976352401436,-22.0844579241103,-17.858801149981,-28.4213293105616,-52.4018953931446,7.34080567413647,0.0178194421995938,0.00677659566601305,-20.9372270129969,-79.8139007008831,-55.624966522273,-37.5044010686544,-36.5366664870786,-23.2795902699208
0.758197109623726,0.493169982204655,-7.05068443759238,-16.3626744248694,1.76164524734119,3.59276635761203,2.06021090785171,-0.160885728139526,5.15038629384188,4.47756047626715,37.100795125981,0.0421083634141617,0.0914717427693113,0.109593909219097,0.0975596100191822,-31.2057646780908,-42.132765131082,4.73178008269706,7.16752678766692,-0.824819286096279,-1.85288983542353,-1.68075929816993,-10.0345024513765,-20.2291457895587,-18.5054807096051,-12.0752258319415,-10.8106958759682,-42.7634732746609,-56.3972860657649,0.0746231301582689,0.0927965896233118,-0.0379869080330053,-0.0357523840309959,103.431647001778,68.0335782637706,-8.15789953845876,-3.46600455670087,-17.8062645585145,-11.1524905161677,29.1264457733958,20.4198689852537,0.541062759676357,-0.0374079131437995,-0.00690073588834293,1.97163882524078,2.36885081622757,4.24612137403855,2.36912121240932,2.21648820106675,1.92598780321021
4.88574820396481,5.97128885691074,10.6597108080216,15.3417452364276,1.99663313896377,-0.17209381678418,-0.874558317066843,-1.59736544367233,-2.05687934378513,19.5229684920974,3.13652685738903,-0.0222459278412579,-0.0398294102801344,-0.0441647096851128,-39.1510804332507,-14.9322285500594,3.82546073352392,0.218486791300876,-5.1873587989153,-5.49608871095861,-2.6622757394537,-0.353551353195769,-0.343478260869556,3.96430846461735,-4.62510999766534,-13.230251497183,-12.4378074995959,-8.26846174141238,-12.0005430741879,-76.5563696175093,-19.5797079898713,0.11147791965227,-0.00397248711472287,1.36714671927232,150.171930391681,17.1155074682208,2.05661645860868,5.71541583607202,3.826640087639,3.99326627792767,16.5653714144458,-1.45881513346843,0.0266821979344901,0.581477082090924,1.16188675971439,4.36689833521901,2.95272630468059,2.82338679774479,5.44428628813736,3.28417732797885
2.05637850219889,-1.02569617297927,2.75660048157231,1.92034700632053,0.117393542290944,0.342218081133527,3.1429095746665,2.97893971230021,9.43378791552174,15.9580641114179,-0.0864015947415808,0.018945707777096,-0.0711323473948866,-24.1107768661045,3.63913869583179,7.80593718010909,-0.835489535422074,-0.459172775300676,3.67291485097878,4.90204909936605,2.43311497542287,-0.0241854362562854,-2.51986708373337,-5.87552876524766,-1.17261810817748,-3.00950950284751,-5.94922299128147,-9.02003919508649,-10.007858412801,-0.993121778639683,-65.1442486934969,-14.1494511728028,0.023834922687449,0.0123758252414952,-0.0155843725261562,159.143745804771,5.65699892236258,0.888560242802994,36.1537580175692,31.9397289345033,18.9879209094338,4.88661751480564,-0.00709372699028432,-0.636145867586653,2.55344023310526,11.6884190866153,5.01783541496983,5.91711515174564,4.06229293956882,4.90744033187867
-1.79008488320918,1.19240364947641,-0.543997058981827,1.78092757887214,2.73352513334411,2.96219017104189,-1.13292995750092,-4.03389041538729,18.5025597631973,-0.0742549514492374,-27.8324648456441,-0.0541139025267867,-16.8726935747632,-13.2431036613773,-5.24005100299911,-5.49871666397275,-7.59948468800813,-7.19217790623601,-7.21528995158893,-10.4873659824363,-10.7185881000748,-12.1991574152424,-10.6114728225218,-9.49379020526928,-9.92466652088337,-10.5097449256837,-7.35545213398119,-3.61507677388069,3.20268677499964,0,1.71843601686801,-62.7165854990719,-0.139037049009527,-0.00589325011519648,-0.024751650483168,91.6436887380351,59.8962914024829,16.8278810408922,-2.06263754025189,-9.66095168029366,1.45988901460048,-0.0834222294057496,-0.00351412321672566,0.015068054572466,1.0805164951601,8.94604098198733,10.598595621644,7.8691940863612,4.02300355497857,1.06986755911351
-3.28428796754023,1.08065347747441,-1.0767776837584,-2.38103377146546,-7.04219815742686,-2.18019439875512,-0.248487157790489,8.6899508895824,11.4062957223189,0.0383061257476669,27.8394166980946,-1.27575255305494,-23.5040378782837,-3.76323051390708,0.480670940861661,0.537080257888167,2.06142422405184,2.58967982720373,-0.437823312465646,-1.4896826679597,-1.54270009214246,1.34774264759718,-1.79952293310111,-2.5445834703465,-0.453572903758825,4.01893465620651,0.85717322922747,-4.59219510443054,-5.96102249132802,-2.99922777149222,1.95951955305462,-15.8377560890702,-62.7136540775459,-0.102433417739611,-0.017016759707289,-0.0265221933827497,139.811347863386,12.291726379685,6.36071581023903,-3.39945584828407,7.52945207693549,-4.49179952098975,0.698699368264585,0.0278074098019145,-0.409166172799598,-2.14102868020761,-4.63130882371225,-3.62188309051294,0.189277327223114,-0.460574829576249
3.97221314993059,0.961341881723232,0.794497422911888,0.642167820865147,0.401221198570401,-4.44521308119183,-3.08763088858761,12.5408362447314,-0.116691808990232,-0.0288422593863302,0.0137334554532131,-20.5290911376574,-0.826390819460077,2.16383709887165,-5.08153328990559,0.687123432962533,0.86080740013168,2.09638979091045,2.50476996358593,1.89487635364474,-4.06928920441123,-1.35309022640531,-1.67867328477502,-3.26716517825361,-6.73336565917788,-5.9122936672928,-7.67228366001698,-3.19236074797349,-6.37136603021808,-10.3188190291473,-17.0035300667329,-21.9476767444802,-60.5455841100517,-10.3024116558966,0.0524455927516598,0.0662470645282021,95.362333925974,-18.1157897383402,-7.77465384408169,8.91724045040678,-17.7686794892516,2.2504000605827,-0.655460373902268,0.011917461343678,0.619707989871238,4.37369458333551,4.61854011512974,4.50877287502469,1.37448054163748,1.02549485236524
-1.0466818635293,0.0278074098019943,3.05300913550459,1.32146311745469,7.23318966291338,2.38746475585012,2.97579009751621,11.9344208078976,0.0849119120737818,-0.00549137924643617,0.0537988254943222,-20.1445932764504,-5.60506581901121,-6.33763583985392,-0.972770748395302,-8.11684271575128,-8.77202041742056,-8.04858133623281,-9.27256106256964,-10.5038038601517,-10.1422834479243,-8.44959468364186,-8.20440601260719,-7.77520882389915,-4.9644405146358,-11.4763039298194,-2.93737381036134,-1.89639524577681,2.0434941068717,-0.02950990427939,3.45734900608576,1.91121567847334,8.76818705888702,-54.208395592276,-0.0109827584931388,-0.101128171973475,-0.00946386636115903,98.4775683358845,-20.2896056246969,0.608982274661951,-3.67043621931289,1.36347980808947,-0.0397248711455921,0.0158899484582364,1.22962663649588,0.815606805432506,4.24743997270261,2.50663936928684,-2.21267532280947,4.1335256306648
-3.33840967991836,-5.0149144685621,-4.89045467543594,-2.15848952006361,-5.92776029435544,4.46192089464397,3.68214504162756,5.6097847844736,0.098844826438782,0.0212644898484271,-5.98052260115294,-5.306802396208,5.04868060903583,-1.73504216621181,-3.69667633272801,-1.88015478374952,-3.68663387668748,-5.67773395829976,-4.80068618951757,-0.372865859511329,2.56958801125586,-5.23836269597533,-8.97816137779932,-6.04110136053766,-6.22605568707737,-1.17483468922304,-9.99196628165757,-7.16239426755019,-9.90738286371062,-10.2013469101881,-14.3163469999819,-8.62781322078918,-12.9741429161504,-44.8906933893648,-0.162871971696976,0.045513352369575,-0.0276636093633265,69.5078171498114,-19.3473742434854,-42.3047745272346,-22.1747068225491,-6.14952689119395,0.00619240638445942,-0.0911335279222408,2.6714692096331,10.1901574385645,3.59305784530287,5.87729468599035,6.63008099419931,-0.18151210354217
1.25244299783205,0.569701387370358,1.94073020490988,0.186608031582836,8.06169524757276,1.94967330825451,0.401571712139415,1.09470394914064,-0.00946386636133667,0.0462677910990195,-18.1324741842215,6.56476863252165,-0.934628499121537,2.61242144344394,5.07734928075001,2.81076830926308,1.85252464517784,-1.7957911750444,-2.3127613617997,0.00268727069503427,2.47951295727615,6.87009098774452,7.30341756011708,7.20898070734819,4.92343941459819,0.297936533591958,-2.39067330313487,-10.3394672314019,-10.9583894545911,-9.78423576315932,-10.3867059964442,-0.561115689412928,-12.7437386635059,-39.8310606917731,0.204430298433778,0.0794497422912599,0.144384627817384,54.9830355869517,-1.25086608966094,19.5882204622596,65.9270957130226,4.55031707850425,-0.0910333811882602,0.0150451208818379,3.02993529257676,7.53756396238793,5.97900037079644,0.0630924424077028,1.74450603257303,10.0069466923421
1.15393901562211,0.00397248711463405,-0.337661404737588,10.3909567759252,5.49394967943533,2.2007578614657,6.68172332668844,-0.0374548785086581,0.012618488481575,0.00420616282719166,8.04615581268342,4.77294326814279,4.73910277630614,2.87136334249256,0.772648743781712,6.96743361317376,2.65321044558275,5.1557207765387,4.66880735592561,-1.34141542830157,-8.92055029996488,-12.7362910847222,-7.38812500594213,-10.9913726296903,-7.00950772872435,-11.5964121577828,-5.29206220929197,-0.330633158304217,4.44351058671404,-0.136933967596065,-5.87288965454715,0.345255865397753,8.99382766521835,-3.91862089865853,-18.2019637385402,0.0675322809475354,-0.071504768061903,31.4884465530191,2.45429600965981,-28.6621755293357,-24.1864877969937,4.82044286406983,0.108675897491155,-0.0271962579381363,-2.88451130973885,-5.49463067722646,4.35337852613167,1.2839312029968,0.703255402694458,-6.43858374770631
-2.58896574017804,3.58241943750253,7.4484133397986,4.73497096484206,0.630255628071819,-0.41711114702867,-1.83788644234744,-0.0300774024388772,-0.0900819872153846,-0.691446433646092,-0.967183774538771,-1.32809591268215,0.450868299975049,-1.45848696032509,-3.75271510683914,-7.47848239667608,-3.06112168363182,-6.40960795934129,-6.94572347035889,-8.52813533753567,-5.18643244162593,-4.8922226504704,-1.98893082797476,0.43266855697297,-3.01432139188824,0.374136059153152,-1.09172458380473,-11.6036348616274,-13.6415207513963,-11.4865633296041,8.75507093069969,-0.566079413824738,-14.6188694194342,-2.88811163191629,-9.6960929808839,-0.10328466497862,0.00595873067172903,4.76505504372966,-5.04482495977763,-9.56438697627639,-0.362898381700583,-1.81497261282618,-0.083422229405743,0.0657797131028478,0.963020098204879,7.28843894693808,-6.51674827357807,4.64150067979348,-1.70108664569631,-2.26006141910456
0.551344030586698,1.43085930107105,-1.94254619901937,-3.10752811873112,0.874163685635399,-0.190679381498793,-6.44191170071231,-0.0884462572269484,-0.0499043693767298,0.643542912558814,3.05881507821049,-3.84139503977874,-4.07225765632111,-3.78689852537084,-4.24787394188293,-4.47430570741307,-4.89946852931631,-0.174165185065522,-0.473216577944591,5.31439326185739,5.16774737214369,3.42138092139699,3.91289980784091,3.56836294463587,6.14047195732983,-1.974326095936,-6.051778543099,6.5155195916053,5.1682057360416,-2.05728097391664,-11.4792025446567,-18.0088218272444,9.62930876569152,15.8740585097784,11.267392202288,-0.650118063644989,-0.583544658897406,-12.1880160910871,-4.42535064561898,13.355501679148,-9.2280875671211,-4.23864375123466,0.0732855381479026,0.0169202459184305,-2.62464560416053,-8.4606965268732,-2.61272814281685,-5.31280426701147,3.82247988959483,4.78060449329238
-3.05524375358779,-0.687240270818812,0.242321713988147,-2.47755508862655,-6.61427058385913,-3.80303216421547,-6.93611272212138,-0.056783198167043,-0.0457758202681902,-0.172920027339885,6.84856778550014,-2.90967656196699,-2.46072209175674,-3.41194915334819,-1.76582727223762,0.275503665180299,3.1457021543897,3.71109746242126,3.75420384726626,2.56441068189561,-4.50504305115018,-7.46502555864117,-2.49585690426182,-1.398468252291,-1.43873301704716,11.0611066214105,11.422581121983,-5.67335232331874,-17.9318068351202,-10.1859243131549,0.483783835176244,2.85124109344772,-6.84062281127087,-3.47989871235379,16.4302067058167,-36.6078385838057,0.503527418447192,-30.2548541058576,1.78877250426235,-7.3428586821831,33.3423612233537,6.17171709636554,-0.025615692773192,-0.0747549847921598,-2.9052901350185,-12.4323657764383,-0.25903954211392,0.169718670076729,-2.17578794246001,-3.00950950284753
6.43173060309987,-1.90282132787374,-2.54537111865396,-4.47500673455092,1.29626364017508,0.100674173446258,3.98171730520769,-6.79073304662632,-16.9264270962413,0.0419807405254602,6.96774239893676,2.71502469335365,1.24911352181627,-0.732773652535279,-2.23660628364684,-3.05295315604823,1.68772283440619,0.631284952319167,-2.13075007843768,-8.99189483325245,-2.39683682103848,-2.26304745565713,-3.24835946339084,-5.46614226963333,-4.98520427081459,-8.53775943867126,-2.62195499524092,10.7960515988089,21.3009432596916,12.7790236961118,-2.62892687703817,-0.0035331767747504,-13.8926954366684,28.3404040730565,0.0729493088310385,37.1824793922742,-0.0034049889554133,-52.8173708101849,-3.31023506913848,0.661929852917442,-8.86786811055447,2.64913379169724,0.00522098306484954,-0.0143009536124131,0.274101610904585,2.82068283592732,-0.155267496363348,-0.696470461467291,0.407236679058237,-0.522315291075215
-4.23071345368209,0.790524935797343,-1.24177892466397,0.251641779910639,-3.9335567408366,-3.5911283515615,-5.03711366126103,-13.8798699782699,16.8809312053534,-0.0615844637019691,-17.9118025250076,19.4560501409766,-1.47776520661589,2.39030224664631,2.73521016633991,0.434043228470138,-3.82655663202742,0.0852649293111796,1.85314333184365,5.28386186089094,3.51062873767569,7.40416805228099,-9.10494046656973,1.56118743602178,3.20769603759761,13.7757674482972,10.415974714006,3.33408506767814,11.9964437345436,19.8590585818525,10.1369275235551,7.82956857878832,29.022613639605,53.9952332689985,-0.0197880842097042,0.0369207625939616,0.0805456008054151,-88.2964710953074,6.41159420289856,22.6899350630829,-30.2264061742363,-5.23252664505273,0.00612898011960565,0.0563625818842166,-0.725149147854821,2.15100162579983,1.42396638112172,1.04347889470967,-0.923603254135002,-3.63056947362749
0.680131867151967,-7.64673211959464,-4.75696036739999,0.934145623785199,1.96034790690156,2.87142718603528,3.71126184119834,-10.6502379541332,0.0453780258856895,-0.0656879119300235,17.729068117738,16.6657751917102,-3.76989027171692,-0.996810516674795,-0.270129123790142,0.237988091681363,1.24003688949328,-0.77919166373519,-7.67162038049403,-2.91916251196662,1.11944686888279,0.0158899484583586,7.46033080114223,4.38562577447339,2.90709662802753,-2.4033547043083,2.8866230405912,11.9015713952193,-8.80396614871364,2.59238704892928,20.810185873606,10.1580867516483,7.29465805911804,49.0796109489537,0.0820201751300154,-0.0536285760467159,-0.132301432926596,-72.3249164017744,0.210892330640533,-6.2840072638074,-1.74628050751575,6.97451899460286,0.00453998527378159,0.0254706526757027,-0.188522888493795,-0.171532577795969,-1.65437063376616,3.38896547789959,1.46783398882961,5.99906669484817
-4.64226214030532,1.8856043067971,0.148492569809644,-2.41599443603642,-6.13860985399493,0.364779989187447,3.22200962116375,-7.05513711545711,-8.64706189521609,-0.115883124113303,0.0384396547258525,4.91162980358348,23.2183926871758,-2.81132913097357,4.68237056193113,5.91725323284855,4.60395146952246,1.77920687589737,8.02538871828018,-0.859126732506343,-2.19174337147496,7.19417416446664,8.03634143275325,8.29455309519966,2.88005315805533,1.90381444965242,2.84430604257482,-6.13862758831223,13.4039893895169,-4.58583474362744,10.7770454178114,0.291860965063728,44.0688993049944,11.9835915703494,-0.230521090500613,-0.328898565514013,-106.899514753156,-16.7978320133613,-6.3324949741763,-15.0918290617793,38.0245902331869,-7.99661656160767,-0.0505073361708241,-0.00675322809475035,-1.11924824452706,-9.99193190436522,-12.6126465887255,-19.1648100856635,-14.5548316525527,-14.5403813425757
-1.2978115403266,2.54785308854437,-0.700326110725502,-0.113571858883077,1.51807426704318,-1.13396699419797,1.98659783981165,0.37386778729589,-15.309183986347,0.278755095810013,-19.2198992633069,0.0500066025008294,24.5626823267424,8.16226927428483,-0.0218212826672115,-2.48268760874319,-2.94364790045547,-0.857940378888511,2.12746329151718,5.3385101029849,6.69461426564393,5.94868261619626,6.04378863123287,3.108868415854,-1.69227951080204,3.2405563637016,-6.19402940794389,1.18365928559872,-8.92224200940959,1.59209835138201,-7.96266489288957,20.6529605085934,76.0910044358242,-0.0305030260582484,-0.179159168866594,-0.0174789433041056,-135.250450924403,-7.49744518075535,6.70789500650217,14.1138962044599,2.17242164656091,4.78431902669821,0.103201209366889,-0.0439544015440344,1.23842285796383,4.49212990016287,3.85873833718134,6.12708661355241,0.992760643447565,1.3465729851016
0.341435267496593,-9.79662057592821,-6.53976533127141,-5.54252752186484,-1.99080023367575,-3.58733921000622,-5.81032861926953,-4.97826410214968,-18.2370676418297,-11.5200707576816,18.621338925428,-0.607790528527552,-0.313826482050228,43.4907889301941,-2.40020411107968,2.21431105279786,0.310163539386199,-0.89778208789042,-0.97402328289693,4.91845162680686,5.57395382377441,1.76985984739231,2.75285846033908,1.05032559308942,3.45875106036164,-6.07597579153412,-5.29466923420667,-3.08184048146494,-3.25775399739783,-0.91321803782134,2.0655494991324,83.4290060014092,0.18558963238311,-0.0604058136786989,-0.0154926997469218,-95.7715612139598,-51.7027376609822,4.52999730617962,6.22992802745794,-4.6871842816109,-22.4895264263778,-2.66215966028477,-0.0436793832053348,0.0152292102363425,1.13543028762607,8.80387434754085,4.57961879156532,18.6331217930687,16.9397365971872,8.7671455328535
3.00227562798501,3.17401720453265,2.23651024549687,-0.0754772551766258,-0.401221198570578,-4.6245861532106,-7.17385336499587,-4.62354937772735,3.4779124687967,-26.5443007740244,0.0537813640125506,0.46478099240348,0.450934037318351,0.485694968682981,49.9609188991044,4.55190273512551,8.64923944471387,11.1194023805942,14.3100669652054,12.0783470718172,15.3145680769851,13.021812761525,12.7933620121595,13.2959143724297,14.2942938546034,17.2307196092165,17.8698827712756,11.8186165172388,8.94253584629796,-24.135157588492,76.4590616582573,14.5444437049644,0.0751757717798007,0.325285579495826,-7.05513711545693,-135.727508879246,24.5244547776631,11.0673491011619,-3.27673437135212,-14.9405240378572,-42.5850618680746,-2.74186735628468,-0.0123758252415111,0.0315059322878834,-0.523667271983953,-12.6153338594206,2.60082342742114,-15.0790937354415,-3.32244801718974,-0.812436527619215
-5.84075954587746,-4.22978204920987,-2.69731875078572,-1.28876649274252,-5.53126268340423,2.95155792611741,-0.446240963018862,4.75784614799517,2.1562426382113,-3.28513000588417,-31.6292120319426,0.33527791246879,0.122038810028702,0.0220823548428228,1.22083876058916,46.4964260926611,15.9126483846056,-5.23427955823115,-2.23891146488855,-0.482657184418933,-4.40871585582681,-4.43329561984793,-2.37111644349417,3.19525473179905,9.1918678316647,12.0136188994212,6.78500799166715,4.00307526534132,14.8496241856476,127.289678547999,17.4735401659921,0.175023108753258,0.327630040217031,-0.0537454139027282,-148.995166208718,19.9873352411919,7.24107108248435,11.1924256954547,5.04377341907072,0.0816696615611012,-3.70934408879827,4.39286137600344,-0.0198528863249243,0.136232940458118,-4.71616006997595,3.41882172296751,-2.55077008977769,-1.32809591268219,-8.54533053176014,4.79987888778618
-10.1899082754162,-3.70619566497234,-1.38125713730348,-4.15910233616392,-9.25830684409963,-9.64672659380916,-3.02525441120824,-1.17327676554329,-1.91789341133797,3.9000142614019,-14.0458336593952,-26.0065591625119,-0.14578860799217,-0.0350513568932342,-0.0518760082020009,0.0378554654446361,31.1891313327229,52.9593288056024,10.3040836459093,2.20823548426967,7.9738331796273,5.96417865416745,6.20574714332598,4.86200067723379,6.66256191825365,-0.728717709809068,10.0282381447727,74.7912066519405,78.1586749914249,-0.546200287129484,-0.257850527254178,-0.661499992320813,-1.26769074096957,-132.494857045901,-31.6339647648295,-13.5891962365846,-0.123030262695112,-9.63169225796028,-6.09157531446392,-1.73504216621188,-13.9045356324117,-5.73556202072445,0.0255429209187225,-0.160067863145474,4.26031717358028,1.95665437016895,-0.0670882970935149,-5.97012236282907,-2.69243826661638,-8.61988361233269
2.07207410699857,-2.4475361051163,-8.64050998773509,-6.2436281006665,0.303446757654147,-5.82102096828336,-4.2592701266372,-6.46902065124131,-5.92328386373957,-5.98206486085635,3.48361800798189,-13.1322065606837,-26.8009935443386,-0.206682829589155,-14.7874664460903,-0.0703875060611203,-0.321771456279407,-0.202596842842429,39.987752659662,50.8935186681753,49.5906597324559,55.5749756964838,36.0199465154209,54.9543352021053,54.7525562242568,62.0313209966925,60.9216631687109,-11.0249369593213,0.221066211666976,0.376932277355646,0.194184517188312,0.352347024522981,-145.891149902124,-59.783486466661,-32.8667719705541,-8.71161618794889,-18.0843970754617,-2.3472858861771,-9.96393238616495,-4.39686724536267,-4.30385956947268,-3.07484690120863,0.0190616158892248,0.0595873067183884,-2.63546145143042,-13.5910279526546,-13.2440743143374,-5.45919041718298,-9.10566273695415,-9.76525410527254
-0.803662518183135,0.575443133451881,-1.13694917975824,-2.98791247448484,-0.381779237944269,-3.16625478945411,-7.09620112818641,0.0229836754484403,1.19547626815706,-0.462508307649845,2.65066603672714,2.22879894698025,-4.48844308802672,-30.6852104288144,11.1883931202999,0.165727196810561,0.464780992403391,0.361921951044231,0.29391245573569,0.13751815687737,0.0842400943999344,0.248910229202526,21.2625954061384,0.189915441668997,0.164006968015418,-0.547518310237916,0.528080835466582,-28.1455385580772,0.382520465111824,0.298607516709826,-18.8425579250612,-148.348358512631,-42.2131252436325,-17.3807268341807,-10.6361430600127,-20.2809461186945,-11.5241851193363,-15.9415907907261,-1.12140974486876,2.75421044124781,-4.67490731917093,1.99304518962911,-0.0570258614069643,-0.0421083634143272,0.971398282927202,-7.3020343506569,-8.82566203987781,-8.21451916362687,-4.85190441576223,-2.66740825957021
-2.7633081461131,2.50266688217238,3.2126905349716,-1.85443248030657,5.26920476045589,6.77612831458747,9.51096036280985,-0.962672567062128,-0.469427853988424,4.14535437641517,-2.68967935248838,-7.55964297900604,-5.34696765619653,1.02306821996496,-23.88259253273,-20.7673681374927,-0.212708628225222,0.0206853079037117,-0.0685003660425565,0.0643776588272083,-0.0093895149980483,-0.0854084729630777,-0.104354180740174,-0.0111535215139291,0.0544798232853694,0.861344792288143,-0.0169114451446184,43.2462472969362,0.0990851786003333,-108.471299231008,-110.638907006151,-10.5215660920905,4.66884073817022,-6.61316954905455,-18.9277327223115,-22.5769613533293,-19.8811296298058,-13.9740746727008,-9.70992688654579,-9.53101474628969,3.01266412496792,-1.33801043934625,0.0450250611727716,-0.0422108792108328,-3.98455813422832,-8.08845111666778,-2.83600528622634,-1.0488667889978,-0.58675971439166,-2.14429179462313
1.34215088087952,0.497457902539278,6.84507934093324,-4.07433786039206,-2.52054307418756,6.48590307951222,-0.983288781688518,-1.25284024654322,-3.1847123621489,-10.4048604808261,2.01725951436629,1.84720650826984,3.08265000089785,-0.462030809016589,0.353551353195503,-5.32789971804659,-27.1361844878895,-26.3356344468371,-8.72883940710612,-0.129339506935722,0.0197880842097931,-0.00630924424056545,0.160649998134943,0.221057224139543,0.046294753681142,0.0675322809473578,-37.8073821729875,-61.6794323360675,-96.2811701955713,-10.0872281894425,-8.60569230655468,2.82175106775644,-2.31913258496323,-14.1226496045658,0.275894237442831,-12.5188788982245,-3.97013700453501,-3.24700748248226,-0.731872331929373,-4.23665750767739,-13.7415339563981,-1.59263351049164,-0.0292519505708452,-0.00132290605048407,-0.239480884967532,-1.924319493435,-1.28167790148224,-0.329703077610548,1.32286825316841,0.149168560263929
12.4984048439035,4.54760073295084,2.51594633909811,13.1438764564998,3.72651004478062,0.410100875649899,4.86685394203423,3.30294246815974,0.410100875649988,4.56425288171731,-2.94617439719982,3.6760694730992,-0.138015552322912,-2.03521659412864,-1.10741590790697,-0.824415216493435,0.864321523348455,0.630102500199659,-12.4332360170232,0.123030262694979,-3.00757602477386,-0.00362197354588645,0.0867137187293032,-0.038322816869929,-0.0165011003220528,-16.8808357128747,-9.30220064403029,1.24170779923167,-6.51487886787709,-8.43359014420924,6.43542912558583,-6.20530862202111,-12.8378560505278,6.83336274861328,-0.37205179318649,2.21127245148578,4.51859059317918,160.76365382305,354.217916504245,54.4266954430067,1.20128010344269,4.83792848382281,0.0459673508970422,0.0694016866484758,0.63092442407705,0.533131138345108,1.17982867302409,1.54891946110916,-0.296915036905335,1.21040424126782
-11.0589457630351,-9.04251566905518,-5.12689187005027,-5.35213188944583,-6.0007822854371,-2.12718596209971,2.38232389017243,7.02676543191734,2.73610891908085,-0.189627840791928,2.55427326455191,-0.66095175314862,0.428007111685691,0.661652780286914,-3.56144819783424,-2.6345995636011,0.300295197816158,3.1019490308462,2.00090066490919,-0.022082354842734,2.92240122752343,-0.920682307727283,-4.23747537267163,0.0359793832945599,-0.126184884815395,4.59510144610649,-23.7827412316147,-19.4967780201807,-2.53257737338806,8.53921156631405,-9.2683966275481,-15.6072676104546,-5.54048709635659,-7.31913725912747,-9.07432894821638,-1.38432445201482,-1.6304889759363,-159.2084251177,-352.158050021637,-39.0037478964432,11.3667344241721,6.27301115241636,-0.0719690847377934,-0.0319968815067646,-2.81707755350403,29.3713064157294,18.4612826176751,11.0797608765131,4.87026920244958,2.49166614862429
6.79252734227687,11.6484672162062,3.79621120246947,6.49620817843877,7.29467808846502,2.48891596523739,0.11443818649246,-2.31322890289674,-0.703130219276993,1.30694826068982,1.20381638367739,-0.830249806942973,-6.97965986028057,-10.5608569940557,-9.44424761596903,-11.9464430381321,-11.9158475207874,-15.4321015839663,-10.7296876964244,-0.0796834180038175,-0.103374540252599,0.900819872154646,4.19902737238438,-36.8371000125709,0.159951025289207,-0.444559055734484,18.7608081461129,7.21018095078119,13.8382757014235,4.68236054725741,3.94490275884656,16.4300831915117,16.9466300307096,16.2050234362373,15.5653728934062,16.2105630913454,8.58525630332363,18.2368704779471,18.3663117468867,6.99695186301449,10.8929101816903,4.22296615692634,0.0657266049863426,0.0680997791067287,3.58435175589551,2.46975062475911,8.92617854641451,5.90647718748576,11.0474866655891,8.44911340154916
3.86086120508518,0.2264317655297,3.73721336158059,3.38455902160453,0.906643789914963,0.107257152092988,0.0574002561200437,-1.4845418022821,0.191029895067807,3.34971463462814,0.282151124268459,1.44956054810272,1.1643970884637,3.17600344809019,2.4896144245103,2.40816489096032,-0.811672587789314,1.15526768651542,-6.79306646552806,-35.7820608465357,-35.1360679340056,-34.310371208448,-41.6473039002375,2.73307113481662,-36.6144137348922,-38.3638359449577,-14.7850295422303,-11.0253324105272,-9.38698705170342,-12.6414721569896,-13.8945809265417,-13.7202627901008,-8.74145789558756,-6.31668013576858,-5.81572113571478,-6.13314603779038,-1.75234479056914,-2.70416383760885,7.11437390860661,13.107922261626,14.8020711781291,8.60453523488086,-0.0512167088698522,-0.123147100551336,4.40548821004615,0.618485686143666,-4.62794748846146,4.83041618655836,2.24901189612207,3.74565810031787
-2.45502639015065,-0.63831085635897,-0.393760673989174,-1.90594256774963,-2.50872978645713,-138.645063843543,-6.05102248223037,-74.4252300201816,-39.9161847897393,-45.0580195295406,-15.5267314731643,-31.0187683853242,-48.6673980043626,-18.0704466354183,-38.3472126142629,-7.72131293089524,-8.72791610307067,-59.9015421329352,-27.4075284526564,-10.9650048384415,-68.6638374948513,-13.6727331501534,-5.60670719830245,-13.6437907440332,-30.5047285527001,4.71396711328822,17.956776754126,10.286449807219,20.7244652766555,27.3374699687787,62.8098783977789,44.9555491846502,60.3785326813231,65.082402307568,14.7576368426215,59.942775823984,67.0596718187302,101.953186346489,75.691769480811,73.5191368281163,48.0750390603954,135.325376221431,133.013515055287,112.543283946626,90.0526609135115,33.5162242991049,39.6902871401241,29.3702442748138,21.7264233354567,17.9901089254192
-449.880930984322,-451.793808102749,-454.294730966188,-453.660468724745,-452.093283864996,-316.003702925489,-451.137185049691,-381.924929612445,-418.367758202683,-416.380635715328,-447.182316190443,-432.643174397931,-414.717326293483,-445.313819298529,-425.338962340391,-455.802674963633,-455.139708042434,-405.962957814773,-438.606410451497,-455.877427966586,-398.73780465805,-454.669196702764,-455.339979526965,-454.960323258445,-435.596718567606,-456.363506110828,-453.688559883627,-429.208959287395,-422.547098396279,-403.493980679091,-414.309862615161,-371.985129614204,-365.855734784404,-346.5734351183,-267.409406323432,-283.835793330101,-263.591998994307,-269.377162536833,-219.533144406731,-188.583815096169,-140.524348185263,-160.389386422031,-130.020274389374,-109.521810247293,-95.4329974614705,-74.7323671075025,-72.5840694435201,-64.3852065526388,-55.9912978826572,-50.8739600110288
